id,account_type,status
cbis-cfo,employee,active
delta,employee,active
demo,siden,closed
diw,client,closed
gamma,employee,active
hidaka,client,active
ideaday-001,demo,active
ideaday-002,demo,active
ideaday-003,demo,active
ideaday-004,demo,active
ideaday-005,demo,active
ideaday-006,demo,active
ideaday-007,demo,active
ideaday-008,demo,active
ideaday-009,demo,active
ideaday-010,demo,active
ideaday-011,demo,active
ideaday-012,demo,active
ideaday-013,demo,active
ideaday-014,demo,active
ideaday-015,demo,active
ideaday-016,demo,active
ideaday-017,demo,active
ideaday-018,demo,active
ideaday-019,demo,active
ideaday-020,demo,active
ideaday-021,demo,active
ideaday-022,demo,active
ideaday-023,demo,active
ideaday-024,demo,active
ideaday-025,demo,active
ideaday-026,demo,active
ideaday-027,demo,active
ideaday-028,demo,active
ideaday-029,demo,active
ideaday-030,demo,active
ideaday-031,demo,active
ideaday-032,demo,active
ideaday-033,demo,active
ideaday-034,demo,active
ideaday-035,demo,active
ideaday-036,demo,active
ideaday-037,demo,active
ideaday-038,demo,active
ideaday-039,demo,active
ideaday-040,demo,active
ideaday-041,demo,active
ideaday-042,demo,active
ideaday-043,demo,active
ideaday-044,demo,active
ideaday-045,demo,active
ideaday-046,demo,active
ideaday-047,demo,active
ideaday-048,demo,active
ideaday-049,demo,active
ideaday-050,demo,active
ideaday-051,demo,active
ideaday-052,demo,active
ideaday-053,demo,active
ideaday-054,demo,active
ideaday-055,demo,active
ideaday-056,demo,active
ideaday-057,demo,active
ideaday-058,demo,active
ideaday-059,demo,active
ideaday-060,demo,active
ideaday-061,demo,active
ideaday-062,demo,active
ideaday-063,demo,active
ideaday-064,demo,active
ideaday-065,demo,active
ideaday-066,demo,active
ideaday-067,demo,active
ideaday-068,demo,active
ideaday-069,demo,active
ideaday-070,demo,active
ideaday-071,demo,active
ideaday-072,demo,active
ideaday-073,demo,active
ideaday-074,demo,active
ideaday-075,demo,active
ideaday-076,demo,active
ideaday-077,demo,active
ideaday-078,demo,active
ideaday-079,demo,active
ideaday-080,demo,active
ideaday-081,demo,active
ideaday-082,demo,active
ideaday-083,demo,active
ideaday-084,demo,active
ideaday-085,demo,active
ideaday-086,demo,active
ideaday-087,demo,active
ideaday-088,demo,active
ideaday-089,demo,active
ideaday-090,demo,active
ideaday-091,demo,active
ideaday-092,demo,active
ideaday-093,demo,active
ideaday-094,demo,active
ideaday-095,demo,active
ideaday-096,demo,active
ideaday-097,demo,active
ideaday-098,demo,active
ideaday-099,demo,active
ideaday-100,demo,active
ideaday-101,demo,active
ideaday-102,demo,active
ideaday-103,demo,active
ideaday-104,demo,active
ideaday-105,demo,active
ideaday-106,demo,active
ideaday-107,demo,active
ideaday-108,demo,active
ideaday-109,demo,active
ideaday-110,demo,active
ideaday-111,demo,active
ideaday-112,demo,active
ideaday-113,demo,active
ideaday-114,demo,active
ideaday-115,demo,active
ideaday-116,demo,active
ideaday-117,demo,active
ideaday-118,demo,active
ideaday-119,demo,active
ideaday-120,demo,active
ideaday-121,demo,active
ideaday-122,demo,active
ideaday-123,demo,active
ideaday-124,demo,active
ideaday-125,demo,active
ideaday-127,demo,active
kkn,siden,closed
phetsiam-pe,client,active
siden-cfo,employee,active
siden-kwn,employee,active
srt,client,active
srt-demo,client,active
srt-training,client,active
tgo-test,employee,active
thaisummit01,client,closed
thaisummit-plastech,client,closed
tsa,client,closed
ttsolar,client,closed
cbis01,employee,active
cbis02,employee,active
cbis03,employee,active
cbis04,employee,active
cbis05,employee,active
cbis06,employee,active
cbis07,employee,active
cbis08,employee,active
cbis09,employee,active
cbis10,employee,active
cbis11,employee,active
cbis12,employee,active
cbis13,employee,active
sid-en01,employee,active
sid-en02,employee,active
sid-en03,employee,active
sid-en04,employee,active
sid-en05,employee,active
sid-en06,employee,active
sid-en07,employee,active
sid-en08,employee,active
sid-en09,employee,active
mmctool,project,active